Product Name,Price
iroha paiRING+ 配悅環 加強版 莓果紫 + SMOOTH GEL 滑潤凝露套裝,"NT$2,400 NT$2,750 8.7折"
iroha paiRING+ 配悅環 加強版 莓果紫 + MOIST GEL 水潤凝露套組,"NT$2,400 NT$2,750 8.7折"
iroha paiRING+ 配悅環 加強版 珊瑚粉+SMOOTH GEL 滑潤凝露套裝,"NT$2,400 NT$2,750 8.7折"
iroha paiRING+ 配悅環 加強版 珊瑚粉 + MOIST GEL 水潤凝露套組,"NT$2,400 NT$2,750 8.7折"
iroha paiRING 配悅環 莓果紫 + SMOOTH GEL 滑潤凝露套裝,"NT$1,800 NT$2,150 8.4折"
iroha paiRING 配悅環 珊瑚粉 + SMOOTH GEL 滑潤凝露套裝,"NT$1,800 NT$2,150 8.4折"
iroha paiRING 配悅環 莓果紫 + MOIST GEL 水潤凝露套組,"NT$1,800 NT$2,150 8.4折"
iroha paiRING 配悅環 珊瑚粉 + MOIST GEL 水潤凝露套組,"NT$1,800 NT$2,150 8.4折"
iroha paiRING+ 配悅環 加強版 莓果紫,"NT$2,400"
iroha paiRING+ 配悅環 加強版 珊瑚粉,"NT$2,400"
iroha paiRING 配悅環 莓果紫,"NT$1,800"
iroha paiRING 配悅環 珊瑚粉,"NT$1,800"
FIT+ 潮汐 [AONAMI/青波]＋MOIST GEL 水潤凝露 套裝,"NT$4,365 NT$4,850 9折"
FIT+ 潮汐 [AONAMI/青波]＋SMOOTH GEL 滑潤凝露 套裝,"NT$4,365 NT$4,850 9折"
FIT 曬月光 [MINAMOZUKI/水映月] 撫子花色＋MOIST GEL 水潤凝露 套裝,"NT$3,752 NT$3,950 9.5折"
FIT 曬月光 [MINAMOZUKI/水映月] 撫子花色＋SMOOTH GEL 滑潤凝露 套裝,"NT$3,752 NT$3,950 9.5折"
FIT 曬月光 [MIKAZUKI/心弦月] 撫子花色＋MOIST GEL 水潤凝露 套裝,"NT$3,752 NT$3,950 9.5折"
FIT 曬月光 [MIKAZUKI/心弦月] 撫子花色＋SMOOTH GEL 滑潤凝露 套裝,"NT$3,752 NT$3,950 9.5折"
FIT 曬月光 [MINAMOZUKI/水映月]＋MOIST GEL 水潤凝露 套裝,"NT$3,752 NT$3,950 9.5折"
FIT 曬月光 [MINAMOZUKI/水映月]＋SMOOTH GEL 滑潤凝露 套裝,"NT$3,752 NT$3,950 9.5折"
FIT 曬月光 [MIKAZUKI/心弦月]＋MOIST GEL 水潤凝露 套裝,"NT$3,752 NT$3,950 9.5折"
FIT 曬月光 [MIKAZUKI/心弦月]＋SMOOTH GEL 滑潤凝露 套裝,"NT$3,752 NT$3,950 9.5折"
iroha FIT+ 潮汐 [AONAMI/青波],"NT$4,500"
iroha koharu 春之蓓蕾 [SUIREN/紫蓮],NT$750
iroha FIT 曬月光 [MINAMOZUKI/水映月] 撫子花色,"NT$3,600"
iroha FIT 曬月光 [MIKAZUKI/心弦月] 撫子花色,"NT$3,600"
iroha FIT 曬月光 [MINAMOZUKI/水映月],"NT$3,600"
iroha FIT 曬月光 [MIKAZUKI/心弦月],"NT$3,600"
極致享受 iroha mai 水舞樂 [TSURU/雪鶴白] 聲波振動的3件套裝,"NT$4,370 NT$4,600 9.5折"
iroha mai 水舞樂 [TSURU/雪鶴白]＋iroha SMOOTH GEL 滑潤凝露 套裝,"NT$4,123 NT$4,340 9.5折"
極致享受 iroha mai 水舞樂 [TOKI/朱鷺紅] 聲波振動的3件套裝,"NT$4,370 NT$4,600 9.5折"
iroha mai 水舞樂 [TOKI/朱鷺紅]＋iroha SMOOTH GEL 滑潤凝露 套裝,"NT$4,123 NT$4,340 9.5折"
iroha mai 水舞樂 [RURI/琉璃藍]＋iroha SMOOTH GEL 滑潤凝露 套裝,"NT$4,123 NT$4,340 9.5折"
iroha SVR PLUS 巧振環 加強版 /珊瑚粉+MOIST GEL 水潤凝露+petit 晶瑩悠活套組,"NT$2,008 NT$2,630 7.6折"
irohaSVR 巧振環 /莓果紫+MOIST GEL 水潤凝露套組,"NT$1,758 NT$1,850 9.5折"
iroha SVR 巧振環 /珊瑚粉+MOIST GEL 水潤凝露套組,"NT$1,387 NT$1,850 7.5折"
iroha SVR PLUS 巧振環 加強版 [Coral Pink/珊瑚粉],"NT$1,575 NT$2,100 7.5折"
iroha INTIMATE WASH【FOAM TYPE / 泡沫型】依柔華泡沫私密沐浴乳《香甜柑橘》,NT$450
iroha RIN+凜樣風情・ukidama漂浮光球・mai水舞樂通用USB充電線,NT$70
iroha mai 水舞樂專用充電座,NT$400
iroha 愛自己專用USB充電線,NT$100
iroha團隊精選！馬上享受4入套組「FIT 曬月光 [MINAMOZUKI/水映月],"NT$3,990 NT$4,600 8.7折"
iroha團隊精選！馬上享受4入套組「FIT 曬月光 [MIKAZUKI/心弦月],"NT$3,990 NT$4,600 8.7折"
iroha stick 秀姿態 [玫紅色],NT$450
極致享受 iroha mai 水舞樂 [RURI/琉璃藍] 聲波振動的3件套裝產品,"NT$4,299 NT$4,600 9.4折"
iroha mai 水舞樂 [RURI/琉璃藍],"NT$3,990"
iroha koharu 春之蓓蕾 [HINATSUBOMI/黃蕾]＋iroha SMOOTH GEL 滑潤凝露 套裝,"NT$950 NT$1,000 9.5折"
iroha koharu 春之蓓蕾 [BENITSUBOMI/粉蕾]＋iroha SMOOTH GEL 滑潤凝露 套裝,"NT$950 NT$1,000 9.5折"
iroha koharu 春之蓓蕾 [HINATSUBOMI/黃蕾],NT$650
iroha koharu 春之蓓蕾 [BENITSUBOMI/粉蕾],NT$650
iroha petit 超值4種套裝組,NT$720
iroha petit 晶瑩悠活 [CORAL/珊瑚],NT$180
iroha+ 悅自己 撫子花色 [YORUKUJIRA/夜東鯨],"NT$3,000"
iroha+ 悅自己 撫子花色 [KUSHINEZUMI/春日梳],"NT$3,000"
iroha+ 悅自己 撫子花色 [RINGOTORI/楓麗鷗],"NT$3,000"
iroha+ 悅自己 [YORUKUJIRA/夜東鯨],"NT$3,000"
iroha+ 悅自己 [KUSHINEZUMI/春日梳],"NT$3,000"
iroha+ 悅自己 [RINGOTORI/楓麗鷗],"NT$3,000"
iroha SMOOTH GEL 滑潤凝露,NT$350
iroha AROMA MIST 芳香噴霧 [SENSUAL YLANG YLANG / 浪漫依蘭花香],NT$378 NT$540 7折
iroha AROMA MIST 芳香噴霧 [RELAX CHAMOMILE / 舒悅洋甘菊香],NT$378 NT$540 7折
iroha SVR 巧振環 [KASUMI/曙光藍],"NT$1,490 NT$1,990 7.5折"
iroha ITEM CLEANER 泡沫式用具清潔保養劑,NT$260
iroha 撫子花色 雛見櫻+iroha MOITST GEL,"NT$2,527 NT$2,660 9.5折"
iroha 撫子花色 草月流+iroha MOITST GEL,"NT$2,527 NT$2,660 9.5折"
iroha 雛見櫻+iroha MOITST GEL,"NT$2,527 NT$2,660 9.5折"
iroha 撫子花色 小雪姬+iroha MOITST GEL,"NT$2,527 NT$2,660 9.5折"
iroha 草月流+iroha MOITST GEL,"NT$2,527 NT$2,660 9.5折"
iroha 小雪姬+iroha MOITST GEL,"NT$2,527 NT$2,660 9.5折"
iroha INTIMATE WASH 依柔華私密沐浴乳 [FOAM TYPE/泡沫型] 單瓶裝+補充包2入套裝,"NT$1,150"
iroha INTIMATE WASH 依柔華私密沐浴乳 [FOAM TYPE/泡沫型] 補充包2入套裝,NT$700
iroha INTIMATE WASH 依柔華私密沐浴乳 [FOAM TYPE/泡沫型] 補充包,NT$350
iroha nadeshiko 撫子花色 [HINAZAKURA/雛見櫻],"NT$2,300"
iroha nadeshiko 撫子花色 [HANAMIDORI/草月流],"NT$2,300"
iroha 愛自己 [HINAZAKURA/雛見櫻],"NT$2,300"
iroha nadeshiko 撫子花色 [YUKIDARUMA/小雪姬],"NT$2,300"
iroha 愛自己 [HANAMIDORI/草月流],"NT$2,300"
iroha 愛自己 [YUKIDARUMA/小雪姬],"NT$2,300"
iroha mai 水舞樂 [TOKI/朱鷺紅],"NT$3,990"
iroha mai 水舞樂 [TSURU/雪鶴白],"NT$3,990"
iroha 依柔華泡沫私密沐浴乳《大馬士革薔薇&amp;amp;洋葵香》,NT$450
【依柔華】私密護膚濕巾10入組,"NT$1,170 NT$1,300 9折"
iroha INTIMATE DEO REFRESH 依柔華私密爽身噴霧,NT$399
iroha INTIMATE TRIAL SET 私密呵護體驗組合,NT$499
iroha SVR 巧振環 [Very Peri/莓果紫],"NT$1,125 NT$1,500 7.5折"
iroha SVR 巧振環 [Coral Pink/珊瑚粉],"NT$1,125 NT$1,500 7.5折"
iroha VIO TREATMENT MILK 依柔華私密護膚乳液,NT$480
iroha zen 柚茶+iroha MOITST GEL,"NT$1,245 NT$1,310 9.5折"
iroha zen 抹茶+iroha MOITST GEL,"NT$1,245 NT$1,310 9.5折"
iroha temari 風情+iroha MOITST GEL,"NT$2,138 NT$2,250 9.5折"
iroha temari 水韻+iroha MOITST GEL,"NT$2,138 NT$2,250 9.5折"
iroha RIN+ 珊瑚+iroha MOITST GEL,"NT$2,138 NT$2,250 9.5折"
iroha RIN+ 翡翠+iroha MOITST GEL,"NT$2,138 NT$2,250 9.5折"
iroha stick 甜心粉&amp;amp;白+iroha mini 晴空香橙,NT$845 NT$890 9.5折
iroha stick 甜心粉&amp;amp;白+iroha mini 杏運梅好,NT$845 NT$890 9.5折
iroha stick 甜心粉&amp;amp;白+iroha mini 富士檸檬,NT$845 NT$890 9.5折
iroha stick 煙燻粉&amp;amp;黑+iroha mini 晴空香橙,NT$845 NT$890 9.5折
iroha stick 煙燻粉&amp;amp;黑+iroha mini 杏運梅好,NT$845 NT$890 9.5折
iroha stick 煙燻粉&amp;amp;黑+iroha mini 富士檸檬,NT$845 NT$890 9.5折
iroha stick 珊瑚粉&amp;amp;灰+iroha mini 晴空香橙,NT$845 NT$890 9.5折
iroha stick 珊瑚粉&amp;amp;灰+iroha mini 杏運梅好,NT$845 NT$890 9.5折
iroha stick 珊瑚粉&amp;amp;灰+iroha mini 富士檸檬,NT$845 NT$890 9.5折
iroha VIO TREATMENT LOTION 私密美肌保濕水,NT$480
iroha INTIMATE WASH 依柔華私密沐浴乳[FOAM TYPE/泡沫型]《佛手柑&amp;amp;苦橙香》,NT$450
【依柔華】 moist/滋潤型 私密沐浴乳,NT$480
【依柔華】fresh/清爽型私密沐浴乳,NT$480
iroha temari充電線,NT$50
SVR・SVS充電線,NT$50
iroha INTIMATE CARE iroha INTIMATE SHEET 依柔華私密護膚濕巾,NT$130
iroha MOIST GEL 水潤凝露,NT$350
iroha petit 晶瑩悠活 [LILY/百合],NT$180
iroha petit 晶瑩悠活 [PLUM/梅花],NT$180
iroha petit 晶瑩悠活 [SHELL/貝殼],NT$180
iroha mini 迷果實 [SORAMIKAN/晴空香橙],NT$500
iroha mini 迷果實 [UMEANZU/杏運梅好],NT$500
iroha mini 迷果實 [FUJILEMON/富士檸檬],NT$500
iroha stick 秀姿態 [甜心粉&amp;amp;白],NT$390
iroha stick 秀姿態 [煙燻粉&amp;amp;黑],NT$390
iroha stick 秀姿態 [珊瑚粉&amp;amp;灰],NT$390
iroha zen 禪茶三味 [YUZUCHA/柚茶],NT$950
iroha zen 禪茶三味 [HANACHA/花茶],NT$950
iroha zen 禪茶三味 [MATCHA/抹茶],NT$950
iroha RIN 凜漾風情 [TAKEAKANE/茜紅],"NT$1,000"
iroha RIN 凜漾風情 [HANAKOGANE/璨金],"NT$1,000"
iroha RIN+ 凜漾風情 [UMEHISUI/翡翠],"NT$1,890"
iroha RIN+ 凜漾風情 [MOMOSANGO/珊瑚],"NT$1,890"
iroha temari 手鞠物語 [HANA/花語],"NT$1,890"
iroha temari 手鞠物語 [KAZE/風情],"NT$1,890"
iroha temari 手鞠物語 [MIZU/水韻],"NT$1,890"
iroha+ 悅自己 撫子花色 [KUSHINEZUMI/春日梳]（前代經典款）,"NT$1,800 NT$3,000 6折"
iroha+ 悅自己 撫子花色 [RINGOTORI/楓麗鷗]（前代經典款）,"NT$1,800 NT$3,000 6折"
iroha nadeshiko 撫子花色 [HANAMIDORI/草月流]（前代經典款）,"NT$1,490 NT$2,500 6折"
iroha+ 悅自己 [YORUKUJIRA/夜東鯨]（前代經典款）,"NT$1,800 NT$3,000 6折"
iroha+ 悅自己 [KUSHINEZUMI/春日梳]（前代經典款）,"NT$1,800 NT$3,000 6折"
iroha+ 悅自己 [RINGOTORI/楓麗鷗]（前代經典款）,"NT$1,800 NT$3,000 6折"
